Month,Attrition_Rate
Sep_22,45.65217391304348
Oct_22,46.26865671641791
Nov_22,53.03030303030303
Dec_22,52.85714285714286
Jan_23,50.81967213114754
Feb_23,59.036144578313255
Mar_23,42.1875
Apr_23,55.932203389830505
May_24,65.9090909090909
Jun_23,75.86206896551724
Jul_23,70.0
Aug_23,71.42857142857143
